[
    {
        "title": "APPLE MacBook Pro (2019)",
        "link": "https://www.mediamarkt.se/sv/product/_apple-macbook-pro-2019-13-3-b%C3%A4rbar-dator-gr%C3%A5-muhn2ks-a-1318209.html?rbtc=%7C%7C%7C%7Cp%7C%7C&gclid=CjwKCAiA__HvBRACEiwAbViuU3HMpspOd6OcKewEfTPqjo00Tp9fVGdyZjAbCvzTfXoB_setA5arihoCM6sQAvD_BwE&gclsrc=aw.ds",
        "prio": 1
    },
    {
        "title": "Surface Studio 3",
        "link": "https://www.elgiganten.se/product/datorer-tillbehor/stationar-dator/18177/surface-studio-2-aio-stationar-dator-2-tb-gtx-1070?&scid=SEM6818814135&utm_source=google_search&utm_medium=SEM&utm_campaign=google-pla&utm_content=computer&gclid=CjwKCAiA__HvBRACEiwAbViuU1k_47NLRi7QDI4CVt3ovytK4AYP4CH1YsvG2DS81eoMEZrdPu2JAxoC0zoQAvD_BwE&gclsrc=aw.ds",
        "prio": "2"
    },
    {
        "title": "Pepparkakor",
        "link": "https://www.ica.se/recept/pepparkakor-1048/",
        "prio": "3"
    },
    {
        "title": "iPhone 11",
        "link": "https://www.mediamarkt.se/sv/product/_apple-iphone-11-64gb-svart-1309657.html?rbtc=%7C%7C%7C%7Cp%7C%7C&gclid=CjwKCAiA__HvBRACEiwAbViuU9q9u1sicDsvk9xvSYw5Ip4bc4uXPFytMG4YHK5g_beUyEQmVNDMPxoCJPEQAvD_BwE&gclsrc=aw.ds",
        "prio": "1"
    }
]