[
    {
        "id": 1,
        "title": "Star Wars",
        "actors": [
            "Mark Hamill",
            "Harrison Ford",
            "Carrie Fisher"
        ],
		"poster": "https://images-na.ssl-images-amazon.com/images/I/81P3lDJbjCL._SY679_.jpg"
    },
    {
        "id": 2,
        "title": "Jurassic Park",
        "actors": [
            "Sam Neill",
            "Laura Dern",
            "Jeff Goldblum"
        ],
		"poster": "https://images-na.ssl-images-amazon.com/images/I/51dZZ4pl-kL.jpg"
    },
    {
        "title": "Fight Club",
        "actors": [
            "Brad Pit",
            "Edward Northon",
            "..."
        ],
        "poster": "https://i.pinimg.com/originals/dd/ca/f3/ddcaf376aa330c99b80da5db39c41b6a.jpg",
        "id": 3
    }
]